,,,DISTRICTWISE RAINFALL DISTRIBUTION,,,,,,,
S.No.,MET.,SUBDIVISION/ UT,DAY :,22.02.2026,TO,22.02.2026,PERIOD :,01.01.2026,TO,22.02.2026
,STATE/DISTRICT (NAME),,ACTUAL,NORMAL,% DEP.,CAT.,ACTUAL,NORMAL,% DEP.,CAT.
,,,(mm),(mm),,,(mm),(mm),,
1,A & N ISLAND,,0.5,0.5,-3%,N,35.8,75.9,-53%,D
1,NICOBAR,,2.1,1.2,78%,LE,117.3,139.6,-16%,N
2,NORTH & MIDDLE ANDAMAN,,0,0.2,-100%,NR,11.7,45.9,-75%,LD
3,SOUTH ANDAMAN,,0,0.4,-100%,NR,11.8,69.3,-83%,LD
2,ARUNACHAL PRADESH,,0.1,4.3,-97%,LD,18.3,108.5,-83%,LD
1,ANJAW,,0,4.3,-100%,NR,0,121.2,-100%,NR
2,CHANGLANG,,0,2.2,-100%,NR,3.6,72.2,-95%,LD
3,DIBANG VALLEY,,,10.1,,*,117.5,202.7,-42%,D
4,EAST KAMENG,,0,2.3,-100%,NR,0,100.6,-100%,NR
5,EAST SIANG,,0,4,-100%,NR,5.6,117.8,-95%,LD
6,KURUNG KUMEY,,,6.1,,*,,154.2,,*
7,LOHIT,,0,6.6,-100%,NR,5.7,148.6,-96%,LD
8,LOWER DIBANG VALLEY,,0,6.6,-100%,NR,0,137,-100%,NR
9,LOWER SUBANSIRI,,0,0.9,-100%,NR,4.4,126.7,-97%,LD
10,PAPUMPARA,,0,2.6,-100%,NR,2.1,51.8,-96%,LD
11,TAWANG,,0,0.1,-100%,NR,2.8,18.1,-85%,LD
12,TIRAP,,3,1.2,150%,LE,5,67.4,-93%,LD
13,UPPER SIANG,,0,7.1,-100%,NR,14.2,171.6,-92%,LD
14,UPPER SUBANSIRI,,0,3.4,-100%,NR,0,84.2,-100%,NR
15,WEST KAMENG,,0,1.1,-100%,NR,0.7,40.6,-98%,LD
16,WEST SIANG,,0,2.5,-100%,NR,0.2,83.8,-99%,LD
3,ASSAM & MEGHALAYA,,0.1,1.2,-94%,LD,0.2,35,-99%,LD
,ASSAM,,0.1,1.2,-93%,LD,0.3,37,-99%,LD
1,BAJALI,,0,0.7,-100%,NR,0,22.2,-100%,NR
2,BAKSA,,0,0.2,-100%,NR,0,27.8,-100%,NR
3,BARPETA,,0,0.7,-100%,NR,0,22.2,-100%,NR
4,BISWANATH,,0,0,-100%,NR,0,69,-100%,NR
5,BONGAIGAON,,0,0.2,-100%,NR,0,18,-100%,NR
6,CACHAR,,0,1.8,-100%,NR,0,44.7,-100%,NR
7,CHARAIDEO,,0,1.3,-100%,NR,0,43.5,-100%,NR
8,CHIRANG,,0,1.2,-100%,NR,0,29.7,-100%,NR
9,DARRANG,,0,1,-100%,NR,0,39.7,-100%,NR
10,DHEMAJI,,0,1,-100%,NR,0,61.9,-100%,NR
11,DHUBRI,,0,1.4,-100%,NR,0,25.8,-100%,NR
12,DIBRUGARH,,0,2.2,-100%,NR,0.7,59.1,-99%,LD
13,DIMA HASAO,,0,1.5,-100%,NR,0,22.4,-100%,NR
14,GOALPARA,,0,0.2,-100%,NR,0,20.5,-100%,NR
15,GOLAGHAT,,2.1,1.3,58%,E,2.1,41.1,-95%,LD
16,HAILAKANDI,,0,3.1,-100%,NR,0,31,-100%,NR
17,HOJAI,,0,0.3,-100%,NR,0,22.1,-100%,NR
18,JORHAT,,0,1.7,-100%,NR,0,53,-100%,NR
19,KAMRUP (RURAL),,0,1.3,-100%,NR,0,28.2,-100%,NR
20,KAMRUP METRO.,,0,0.5,-100%,NR,0,18.8,-99%,LD
21,KARBI ANGLONG,,0,0.6,-100%,NR,0,30.1,-100%,NR
22,KOKRAJHAR,,0,0.4,-100%,NR,0,23.4,-100%,NR
23,LAKHIMPUR,,0,3.2,-100%,NR,0.5,71.2,-99%,LD
24,MAJULI,,0,1.7,-100%,NR,0,53,-100%,NR
25,MORIGAON,,0,1.4,-100%,NR,0,31.4,-100%,NR
26,NAGAON,,0,0.9,-100%,NR,0,35.2,-100%,NR
27,NALBARI,,0,0.6,-100%,NR,0,31,-100%,NR
28,SIBSAGAR,,0,1.2,-100%,NR,2.3,57.2,-96%,LD
29,SONITPUR,,0,0.9,-100%,NR,0,31.9,-100%,NR
30,SOUTH SALMARA,,,1.4,,*,,25.8,,*
31,SRIBHUMI,,0,4.5,-100%,NR,0,55.2,-100%,NR
32,TAMULPUR,,0,0.9,-100%,NR,0,24.6,-100%,NR
33,TINSUKIA,,0,1.6,-100%,NR,2.2,62,-96%,LD
34,UDALGURI,,0,1.1,-100%,NR,0,31.6,-100%,NR
35,WEST KARBI ANGLONG,,0,0.3,-100%,NR,0,17,-100%,NR
,MEGHALAYA,,0,1.2,-99%,LD,0,28.5,-99%,LD
1,EAST GARO HILLS,,0,0.1,-100%,NR,0,15.8,-100%,NR
2,EAST JAINTIA HILLS,,0,4.4,-100%,NR,0,69.9,-100%,NR
3,EAST KHASI HILLS,,0,0.6,-98%,LD,0,30.3,-99%,LD
4,NORTH GARO HILLS,,0,0.2,-100%,NR,0,9.6,-100%,NR
5,RI-BHOI,,0,0.1,-100%,NR,0,17.8,-100%,NR
6,SOUTH GARO HILLS,,0,0.2,-100%,NR,0,9.6,-100%,NR
7,SOUTH WEST GARO HILLS,,0,0.2,-100%,NR,0,9.6,-100%,NR
8,SOUTH WEST KHASI HILLS,,0,0.2,-100%,NR,0,9.6,-100%,NR
9,WEST GARO HILLS,,0,0.3,-100%,NR,0,16.5,-100%,NR
10,WEST JAINTIA HILLS,,0,4.4,-100%,NR,0,69.9,-100%,NR
11,WEST KHASI HILLS,,0,1.3,-100%,NR,0,33,-100%,NR
,,,DISTRICTWISE RAINFALL DISTRIBUTION,,,,,,,
S.No.,MET.,SUBDIVISION/ UT,DAY :,22.02.2026,TO,22.02.2026,PERIOD :,01.01.2026,TO,22.02.2026
,STATE/DISTRICT (NAME),,ACTUAL,NORMAL,% DEP.,CAT.,ACTUAL,NORMAL,% DEP.,CAT.
,,,(mm),(mm),,,(mm),(mm),,
4,NMMT,,0,0.8,-96%,LD,0,26,-99%,LD
,NAGALAND,,0.1,1,-88%,LD,0.1,27.9,-99%,LD
1,DIMAPUR,,0,0.6,-100%,NR,0,19.2,-100%,NR
2,KIPHIRE,,0,0,-100%,NR,0,15.9,-100%,NR
3,KOHIMA,,0,0.6,-100%,NR,0,30.7,-100%,NR
4,LONGLENG,,,0.9,,*,,31.7,,*
5,MOKOKCHUNG,,1,2,-50%,D,1,30.4,-97%,LD
6,MON,,0,3.6,-100%,NR,0,46.5,-100%,NR
7,PAREN,,,0.4,,*,,18.7,,*
8,PHEK,,0,0.1,-100%,NR,0,20.3,-100%,NR
9,TUENSANG,,,0.9,,*,,31.7,,*
10,WOKHA,,0,1,-100%,NR,0,33.7,-100%,NR
11,ZUNHEBOTO,,0,0.2,-100%,NR,0,23.1,-100%,NR
,MANIPUR,,0,0.5,-100%,NR,0,29.1,-100%,NR
1,BISHNUPUR,,0,0.6,-100%,NR,0,30.4,-100%,NR
2,CHANDEL,,0,0.6,-100%,NR,0,30.4,-100%,NR
3,CHURACHANDPUR,,0,0.6,-100%,NR,0,30.4,-100%,NR
4,IMPHAL EAST,,0,1,-100%,NR,0,35.5,-100%,NR
5,IMPHAL WEST,,,1.7,,*,,28.9,,*
6,SENAPATI,,0,0.1,-100%,NR,0,18.3,-100%,NR
7,TAMENGLONG,,0,0,-100%,NR,0,223.7,-100%,NR
8,THOUBAL,,0,1,-100%,NR,0,35.5,-100%,NR
9,UKHRUL,,0,0,-100%,NR,0,38.3,-100%,NR
,MIZORAM,,0,0.5,-100%,NR,0,24.2,-100%,NR
1,AIZWAL,,0,0.9,-100%,NR,0,24.7,-100%,NR
2,CHAMPHAI,,0,0.1,-100%,NR,0,25.5,-100%,NR
3,KOLASIB,,0,1.1,-100%,NR,0,31.2,-100%,NR
4,LAWNGTLAI,,0,0.1,-100%,NR,0,27.8,-100%,NR
5,LUNGLEI,,,0.3,,*,,19.7,,*
6,MAMIT,,,0.2,,*,,19.2,,*
7,SAIHA,,0,1.3,-100%,NR,0,30.5,-100%,NR
8,SERCHHIP,,0,0.6,-100%,NR,0,23.7,-100%,NR
,TRIPURA,,0,1.5,-100%,NR,0,22.4,-100%,NR
1,DHALAI,,0,2.3,-100%,NR,0,17.3,-100%,NR
2,GOMATI,,0,0.5,-100%,NR,0,24.3,-100%,NR
3,KHOWAI,,0,1.7,-100%,NR,0,22.7,-100%,NR
4,NORTH TRIPURA,,0,1.7,-100%,NR,0,26,-100%,NR
5,SIPAHIJALA,,0,0.7,-100%,NR,0,16.6,-100%,NR
6,SOUTH TRIPURA,,0,0.4,-100%,NR,0,26.3,-100%,NR
7,UNAKOTI,,0,3.6,-100%,NR,0,29.7,-100%,NR
8,WEST TRIPURA,,0,1.4,-100%,NR,0,22.1,-100%,NR
5,SHWB & SIKKIM,,0.1,0.9,-88%,LD,1.7,35.6,-95%,LD
,SIKKIM,,0.4,2.8,-86%,LD,5,81,-94%,LD
1,GANGTOK,,0,1.6,-100%,NR,0,56.8,-100%,NR
2,GYALSHING,,0,0.6,-100%,NR,0.6,33.2,-98%,LD
3,MANGAN,,0.6,3.5,-82%,LD,7.8,99.8,-92%,LD
4,NAMCHI,,0,0.6,-100%,NR,0,29.3,-100%,NR
5,PAKYONG,,0,0.3,-100%,NR,5.8,27.1,-79%,LD
6,SORENG,,0,0.6,-100%,NR,0.5,33.2,-98%,LD
,WEST BENGAL,,0,0.4,-100%,NR,0.2,23.6,-99%,LD
1,ALIPURDUAR,,0,0.2,-100%,NR,0.7,21.1,-97%,LD
2,COOCH BEHAR,,0,0.1,-100%,NR,0,20.1,-100%,NR
3,DARJEELING,,0,0.4,-100%,NR,0.2,27.4,-99%,LD
4,JALPAIGURI,,0,0.4,-100%,NR,0.5,20.5,-98%,LD
5,KALIMPONG,,0,0.4,-100%,NR,8.6,34.9,-76%,LD
6,MALDA,,0,0.1,-100%,NR,0,14.2,-100%,NR
7,NORTH DINAJPUR,,,0,,*,0,9.9,-100%,NR
8,SOUTH DINAJPUR,,0,0.2,-100%,NR,0,15.8,-100%,NR
6,GANGETIC WEST BENGAL,,0,0.5,-100%,NR,0,25.1,-100%,NR
1,BANKURA,,0,0.7,-100%,NR,0,23,-100%,NR
2,BIRBHUM,,0,0.3,-100%,NR,0,17.7,-100%,NR
3,EAST MIDNAPORE,,0,0.4,-100%,NR,0,34.9,-100%,NR
4,HOOGHLY,,0,0.4,-100%,NR,0,25,-100%,NR
5,HOWRAH,,0,0,-100%,NR,0,26,-100%,NR
6,JHARGRAM,,0,0.1,-100%,NR,0,32,-100%,NR
7,KOLKATA,,0,0.3,-100%,NR,0,30.1,-100%,NR
8,MURSHIDABAD,,0,0.1,-100%,NR,0,14,-100%,NR
9,NADIA,,0,0.3,-100%,NR,0,20,-100%,NR
,,,DISTRICTWISE RAINFALL DISTRIBUTION,,,,,,,
S.No.,MET.,SUBDIVISION/ UT,DAY :,22.02.2026,TO,22.02.2026,PERIOD :,01.01.2026,TO,22.02.2026
,STATE/DISTRICT (NAME),,ACTUAL,NORMAL,% DEP.,CAT.,ACTUAL,NORMAL,% DEP.,CAT.
,,,(mm),(mm),,,(mm),(mm),,
10,NORTH 24 PARGANAS,,0,1.9,-100%,NR,0,28.9,-100%,NR
11,PASCHIM BARDHAMAN,,0,0.2,-100%,NR,0,22.1,-100%,NR
12,PURBA BARDHAMAN,,0,2.3,-100%,NR,0,24.9,-100%,NR
13,PURULIA,,0,0,-100%,NR,0,21.6,-100%,NR
14,SOUTH 24 PARGANAS,,0,0.1,-100%,NR,0,28.7,-100%,NR
15,WEST MIDNAPORE,,0,0.1,-100%,NR,0,32,-100%,NR
7,ODISHA,,0,0.2,-100%,NR,0,21.6,-100%,NR
1,ANGUL,,0,0.1,-100%,NR,0,22.4,-100%,NR
2,BALASORE,,0,0.5,-100%,NR,0,32.7,-100%,NR
3,BARGARH,,0,0,-100%,NR,0,18.1,-100%,NR
4,BHADRAK,,0,1,-100%,NR,0,26.3,-100%,NR
5,BOLANGIR,,0,0.1,-100%,NR,0,17.9,-100%,NR
6,BOUDHGARH,,0,0,-100%,NR,0,16.6,-100%,NR
7,CUTTACK,,0,0.5,-100%,NR,0,24.8,-100%,NR
8,DEOGARH,,0,0,-100%,NR,0,25.1,-100%,NR
9,DHENKANAL,,0,0.1,-100%,NR,0,21.7,-100%,NR
10,GAJAPATI,,0,0.3,-100%,NR,0,23.8,-100%,NR
11,GANJAM,,0,0.3,-100%,NR,0,23.8,-100%,NR
12,JAGATSINGHPUR,,0,0.1,-100%,NR,0,19.3,-100%,NR
13,JAJPUR,,0,0.2,-100%,NR,0,23.8,-100%,NR
14,JHARSUGUDA,,0,0.1,-100%,NR,0,26,-100%,NR
15,KALAHANDI,,0,0.4,-100%,NR,0,14.9,-100%,NR
16,KANDHAMAL,,0,0,-100%,NR,0,27.7,-100%,NR
17,KENDRAPARA,,0,0.4,-100%,NR,0,19.7,-100%,NR
18,KEONJHARGARH,,0,0.3,-100%,NR,0,28.7,-100%,NR
19,KHURDA,,0,0.2,-100%,NR,0,21.6,-100%,NR
20,KORAPUT,,0,0.3,-100%,NR,0,9.9,-100%,NR
21,MALKANGIRI,,0,0,-100%,NR,0,6,-100%,NR
22,MAYURBHANJ,,0,0.3,-100%,NR,0,29.4,-100%,NR
23,NAWAPARA,,0,0.2,-100%,NR,0,17.7,-100%,NR
24,NAWARANGPUR,,0,0.4,-100%,NR,0,16,-100%,NR
25,NAYAGARH,,0,0.2,-100%,NR,0,28.8,-100%,NR
26,PURI,,0,0.3,-100%,NR,0,22.3,-100%,NR
27,RAYAGADA,,0,0.1,-100%,NR,0,20.9,-100%,NR
28,SAMBALPUR,,0,0.2,-100%,NR,0,24.8,-100%,NR
29,SONEPUR,,0,0,-100%,NR,0,18.5,-100%,NR
30,SUNDARGARH,,0,0.3,-100%,NR,0,24.7,-100%,NR
8,JHARKHAND,,0,0.2,-100%,NR,0,22.3,-100%,NR
1,BOKARO,,0,0.4,-100%,NR,0,20.2,-100%,NR
2,CHATRA,,0,0.2,-100%,NR,0,19.6,-100%,NR
3,DEOGHAR,,0,0.7,-100%,NR,0,16.9,-100%,NR
4,DHANBAD,,0,0.4,-100%,NR,0,23.5,-100%,NR
5,DUMKA,,0,0.3,-100%,NR,0,17,-100%,NR
6,EAST SINGBHUM,,0,0.1,-100%,NR,0,22.8,-100%,NR
7,GARHWA,,0,0.2,-100%,NR,0,15.9,-100%,NR
8,GIRIDIH,,0,0.4,-100%,NR,0,17,-100%,NR
9,GODDA,,0,0.3,-100%,NR,0,15.8,-100%,NR
10,GUMLA,,0,0.1,-100%,NR,0,30.7,-100%,NR
11,HAZARIBAG,,0,0.3,-100%,NR,0,23.7,-100%,NR
12,JAMTARA,,0,0.3,-100%,NR,0,19.7,-100%,NR
13,KHUNTI,,0,0,-100%,NR,0,26.5,-100%,NR
14,KODERMA,,0,0.4,-100%,NR,0,19.4,-100%,NR
15,LATEHAR,,0,0,-100%,NR,0,23.5,-100%,NR
16,LOHARDAGA,,0,0.2,-100%,NR,0,31,-100%,NR
17,PAKUR,,0,0.2,-100%,NR,0,15.5,-100%,NR
18,PALAMU,,0,0.2,-100%,NR,0,18.2,-100%,NR
19,RAMGARH,,0,0.3,-100%,NR,0,25.2,-100%,NR
20,RANCHI,,0,0.3,-100%,NR,0,25.8,-100%,NR
21,SAHIBGANJ,,0,0.2,-100%,NR,0,14.1,-100%,NR
22,SERAIKELA-KHARSAWAN,,0,0.2,-100%,NR,0,24,-100%,NR
23,SIMDEGA,,0,0.2,-100%,NR,0,27.3,-100%,NR
24,WEST SINGBHUM,,0,0.2,-100%,NR,0,25.4,-100%,NR
9,BIHAR,,0,0.2,-100%,NR,0,18,-99%,LD
1,ARARIA,,0,0.1,-100%,NR,0,13.7,-100%,NR
2,ARWAL,,0,0.3,-100%,NR,0,13.4,-100%,NR
3,AURANGABAD,,0,0.4,-100%,NR,0,25.7,-100%,NR
4,BANKA,,0,0.4,-100%,NR,0,17.1,-100%,NR
5,BEGUSARAI,,0,0.1,-100%,NR,0,18.2,-100%,NR
6,BHABUA,,0,0.1,-100%,NR,0,26.8,-100%,NR
7,BHAGALPUR,,0,0.2,-100%,NR,0,22.3,-100%,NR
8,BHOJPUR,,0,0.2,-100%,NR,0,19.4,-100%,NR
,,,DISTRICTWISE RAINFALL DISTRIBUTION,,,,,,,
S.No.,MET.,SUBDIVISION/ UT,DAY :,22.02.2026,TO,22.02.2026,PERIOD :,01.01.2026,TO,22.02.2026
,STATE/DISTRICT (NAME),,ACTUAL,NORMAL,% DEP.,CAT.,ACTUAL,NORMAL,% DEP.,CAT.
,,,(mm),(mm),,,(mm),(mm),,
9,BUXAR,,0,0,-100%,NR,0,16.9,-100%,NR
10,DARBHANGA,,0,0.1,-100%,NR,0,15,-100%,NR
11,EAST CHAMPARAN,,0,0.3,-100%,NR,0,20.8,-100%,NR
12,GAYA,,0,0.4,-100%,NR,0,21.2,-100%,NR
13,GOPALGANJ,,0,0.2,-100%,NR,0,18.2,-100%,NR
14,JAHANABAD,,0,0.9,-100%,NR,0,14.9,-100%,NR
15,JAMUI,,0,0.6,-100%,NR,0,15.9,-100%,NR
16,KATIHAR,,0,0.1,-100%,NR,0,13.9,-100%,NR
17,KHAGARIA,,0,0.1,-100%,NR,0,13.2,-100%,NR
18,KISHANGANJ,,0,0,-100%,NR,0,11.7,-100%,NR
19,LAKHISARAI,,0,0.4,-100%,NR,0,10.1,-100%,NR
20,MADHEPURA,,0,0.1,-100%,NR,0,15.1,-100%,NR
21,MADHUBANI,,0,0.1,-100%,NR,0,12.7,-100%,NR
22,MONGHYR,,0,0,-100%,NR,0,15.6,-100%,NR
23,MUZAFFARPUR,,0,0.1,-100%,NR,0,19.4,-100%,NR
24,NALANDA,,0,0.2,-100%,NR,0,17.2,-100%,NR
25,NAWADA,,0,0.2,-100%,NR,0,18.1,-100%,NR
26,PATNA,,0,0.4,-100%,NR,0,20.6,-100%,NR
27,PURNEA,,0,0,-100%,NR,0,13.8,-100%,NR
28,ROHTAS,,0,0.4,-100%,NR,0,24.2,-100%,NR
29,SAHARSA,,0,0,-100%,NR,0,15.3,-100%,NR
30,SAMASTIPUR,,0,0.4,-100%,NR,0,17.4,-100%,NR
31,SARAN,,0,0.1,-100%,NR,0,20.6,-100%,NR
32,SHEIKHPURA,,0,0.1,-100%,NR,0,14.1,-100%,NR
33,SHEOHAR,,0,0,-100%,NR,0,16.7,-100%,NR
34,SITAMARHI,,0,0.1,-100%,NR,0,13.9,-100%,NR
35,SIWAN,,0,0.1,-100%,NR,0,17.6,-100%,NR
36,SUPAUL,,0,0.1,-100%,NR,0,14.1,-100%,NR
37,VAISHALI,,0,0.2,-100%,NR,0,12.3,-100%,NR
38,WEST CHAMPARAN,,0,0.3,-100%,NR,0.4,22.3,-98%,LD
,UTTAR PRADESH,,0,0.2,-100%,NR,11.3,25.1,-55%,D
10,EAST UTTAR PRADESH,,0,0.2,-100%,NR,5.4,23.5,-77%,LD
1,AMBEDKAR NAGAR,,0,0.1,-100%,NR,0,22.6,-100%,NR
2,AMETHI,,0,0.1,-100%,NR,1.6,16.8,-90%,LD
3,AYODHYA,,0,0.4,-100%,NR,9.3,25.4,-63%,LD
4,AZAMGARH,,0,0.1,-100%,NR,0,18.1,-100%,NR
5,BAHRAICH,,0,0.3,-100%,NR,10.2,31.8,-68%,LD
6,BALLIA,,0,0.2,-100%,NR,3.7,17.2,-79%,LD
7,BALRAMPUR,,0,0.2,-100%,NR,1.8,28.4,-94%,LD
8,BANDA,,0,0.2,-100%,NR,6.7,21.4,-69%,LD
9,BARABANKI,,0,0.1,-100%,NR,20.5,27,-24%,D
10,BASTI,,0,0.2,-100%,NR,5.6,21.2,-74%,LD
11,BHADOHI,,0,0.3,-100%,NR,0,25.1,-100%,NR
12,CHANDAULI,,0,0,-100%,NR,0,22.4,-100%,NR
13,CHITRAKOOT,,0,1.1,-100%,NR,1.8,20.6,-92%,LD
14,DEORIA,,0,0.3,-100%,NR,0,16.4,-100%,NR
15,FARRUKHABAD,,0,0.1,-100%,NR,9,23.8,-62%,LD
16,FATEHPUR,,0,0,-100%,NR,1.7,22.8,-93%,LD
17,GHAZIPUR,,0,0.1,-100%,NR,0,19.4,-100%,NR
18,GONDA,,0,0.3,-100%,NR,13,19,-31%,D
19,GORAKHPUR,,0,0.3,-100%,NR,0.8,28.2,-97%,LD
20,HARDOI,,0,0.1,-100%,NR,16.9,24.2,-30%,D
21,JAUNPUR,,0,0.1,-100%,NR,0,18.9,-100%,NR
22,KANNAUJ,,0,0.1,-100%,NR,19.6,27.9,-30%,D
23,KANPUR CITY,,0,0,-100%,NR,10.4,24.1,-57%,D
24,KANPUR DEHAT,,0,0,-100%,NR,5.9,16.1,-63%,LD
25,KAUSHAMBI,,0,0,-100%,NR,2,16.5,-88%,LD
26,KHERI,,0,0.5,-100%,NR,15.5,33.7,-54%,D
27,KUSHI NAGAR,,0,0.1,-100%,NR,0,13.6,-100%,NR
28,LUCKNOW,,0,0.1,-100%,NR,13.1,24.3,-46%,D
29,MAHARAJGANJ,,0,0.2,-100%,NR,0,24.5,-100%,NR
30,MAU,,0,0,-100%,NR,0,12,-100%,NR
31,MIRZAPUR,,0,0.2,-100%,NR,0,32.4,-100%,NR
32,PRATAPGARH,,0,0,-100%,NR,1,23.7,-96%,LD
33,PRAYAGRAJ,,0,0,-100%,NR,0.4,23.9,-98%,LD
34,RAE BAREILLY,,0,0.1,-100%,NR,1,8.4,-88%,LD
35,SANT KABIR NAGAR,,0,0.1,-100%,NR,0,21.1,-100%,NR
36,SHRAWASTI NAGAR,,0,0.2,-100%,NR,5.1,34,-85%,LD
37,SIDDHARTH NAGAR,,0,0.1,-100%,NR,5.2,19.4,-73%,LD
38,SITAPUR,,0,0,-100%,NR,7.8,26.4,-70%,LD
39,SONBHADRA,,0,0.5,-100%,NR,0,28.4,-100%,NR
,,,DISTRICTWISE RAINFALL DISTRIBUTION,,,,,,,
S.No.,MET.,SUBDIVISION/ UT,DAY :,22.02.2026,TO,22.02.2026,PERIOD :,01.01.2026,TO,22.02.2026
,STATE/DISTRICT (NAME),,ACTUAL,NORMAL,% DEP.,CAT.,ACTUAL,NORMAL,% DEP.,CAT.
,,,(mm),(mm),,,(mm),(mm),,
40,SULTANPUR,,0,0.3,-100%,NR,1.6,19.6,-92%,LD
41,UNNAO,,0,0.2,-100%,NR,9,26.4,-66%,LD
42,VARANASI,,0,0.1,-100%,NR,0.1,28.3,-99%,LD
11,WEST UTTAR PRADESH,,0,0.1,-100%,NR,19.8,27.4,-28%,D
1,AGRA,,0,0,-100%,NR,9.7,16.5,-41%,D
2,ALIGARH,,0,0,-100%,NR,16.4,23.7,-31%,D
3,AMROHA,,0,0,-100%,NR,30.7,39,-21%,D
4,AURAIYA,,0,0,-100%,NR,6,17.1,-65%,LD
5,BADAUN,,0,0,-100%,NR,13.8,27.1,-49%,D
6,BAGHPAT,,0,0,-100%,NR,41.3,33.7,23%,E
7,BAREILLY,,0,0.2,-100%,NR,28.5,33.3,-14%,N
8,BIJNOR,,0,0.6,-100%,NR,38.1,55.5,-31%,D
9,BULANDSHAHAR,,0,0,-100%,NR,15.7,23.2,-32%,D
10,ETAH,,0,0.1,-100%,NR,14.3,18.2,-21%,D
11,ETAWAH,,0,0,-100%,NR,16.2,18,-10%,N
12,FIROZABAD,,0,0,-100%,NR,23.5,25.6,-8%,N
13,GAUTAM BUDDHA NAGAR,,0,0.3,-100%,NR,4.5,18.7,-76%,LD
14,GHAZIABAD,,0,0.3,-100%,NR,11,19.4,-43%,D
15,HAMIRPUR,,0,0.1,-100%,NR,7.7,22.4,-66%,LD
16,HAPUR,,0,0,-100%,NR,23.8,41.8,-43%,D
17,HATHRAS,,0,0,-100%,NR,11.8,20.2,-42%,D
18,JALAUN,,0,0.1,-100%,NR,10.2,18.6,-45%,D
19,JHANSI,,0,0.2,-100%,NR,8.2,22,-63%,LD
20,KASGANJ,,0,0,-100%,NR,17.4,26,-33%,D
21,LALITPUR,,0,0.1,-100%,NR,21.5,16.1,34%,E
22,MAHOBA,,0,0,-100%,NR,6.3,15.5,-59%,D
23,MAINPURI,,0,0,-100%,NR,9.2,19.4,-53%,D
24,MATHURA,,0,0,-100%,NR,13.3,14.9,-11%,N
25,MEERUT,,0,0.2,-100%,NR,51.8,35.2,47%,E
26,MORADABAD,,0,0.5,-100%,NR,28.7,41.1,-30%,D
27,MUZAFFARNAGAR,,0,0.5,-100%,NR,40.7,41.7,-3%,N
28,PILIBHIT,,0,0.1,-100%,NR,5.8,24,-76%,LD
29,RAMPUR,,0,0,-100%,NR,24.2,29.8,-19%,N
30,SAHARANPUR,,0,1,-100%,NR,23.6,54.8,-57%,D
31,SAMBHAL,,0,0.2,-100%,NR,74.2,26.4,181%,LE
32,SHAHJAHANPUR,,0,0,-100%,NR,9.3,27.6,-66%,LD
33,SHAMLI,,0,0.2,-100%,NR,14,33.8,-59%,D
12,UTTARAKHAND,,0,1.8,-100%,NR,46.1,88.7,-48%,D
1,ALMORA,,0,1.2,-100%,NR,57.5,77.9,-26%,D
2,BAGESHWAR,,0,1.2,-100%,NR,78.4,77.9,1%,N
3,CHAMOLI,,0,2.7,-100%,NR,38.5,96.3,-60%,LD
4,CHAMPAWAT,,0,1.7,-100%,NR,41.9,71.3,-41%,D
5,DEHRADUN,,0,1,-100%,NR,56.3,98.6,-43%,D
6,GARHWAL PAURI,,0,0.5,-100%,NR,29.1,80.7,-64%,LD
7,GARHWAL TEHRI,,0,1.1,-100%,NR,37.9,94.8,-60%,LD
8,HARDWAR,,0,3.8,-100%,NR,32.1,70.4,-54%,D
9,NAINITAL,,0,1.6,-100%,NR,62.6,77,-19%,N
10,PITHORAGARH,,0,2.9,-100%,NR,37.6,93.4,-60%,LD
11,RUDRAPRAYAG,,0,1.9,-100%,NR,56.4,110.6,-49%,D
12,UDHAM SINGH NAGAR,,0,0.5,-100%,NR,29.4,36.7,-20%,D
13,UTTARKASHI,,0,1.9,-100%,NR,57.4,111.9,-49%,D
13,HAR. CHD & DELHI,,0,0.2,-100%,NR,23.1,27.8,-17%,N
,HARYANA,,0,0.2,-100%,NR,23,27.6,-17%,N
1,AMBALA,,0,0.6,-100%,NR,60.4,54,12%,N
2,BHIWANI,,0,0.3,-100%,NR,23.2,20.2,15%,N
3,CHARKHI DADRI,,0,0,-100%,NR,15.5,28.3,-45%,D
4,FARIDABAD,,0,0.1,-100%,NR,13.2,25.3,-48%,D
5,FATEHABAD,,0,0.2,-100%,NR,27.6,21.9,26%,E
6,GURGAON,,0,0.2,-100%,NR,21.7,22.4,-3%,N
7,HISAR,,0,0.3,-100%,NR,17.1,19,-10%,N
8,JHAJJAR,,0,0.1,-100%,NR,18.5,18.9,-2%,N
9,JIND,,0,0.2,-100%,NR,24.8,29.2,-15%,N
10,KAITHAL,,0,0.2,-100%,NR,26.6,31.3,-15%,N
11,KARNAL,,0,0.5,-100%,NR,29.4,43.9,-33%,D
12,KURUKSHETRA,,0,0.5,-100%,NR,56.7,33.6,69%,LE
13,MAHENDRAGARH,,0,0,-100%,NR,12,20.7,-42%,D
14,NUH,,0,0,-100%,NR,12.4,17.4,-29%,D
15,PALWAL,,0,0,-100%,NR,16,16.8,-5%,N
16,PANCHKULA,,0,0.3,-100%,NR,48.4,60.6,-20%,D
17,PANIPAT,,0,0.7,-100%,NR,37.5,33.5,12%,N
18,REWARI,,0,0.1,-100%,NR,15.2,18.7,-19%,N
,,,DISTRICTWISE RAINFALL DISTRIBUTION,,,,,,,
S.No.,MET.,SUBDIVISION/ UT,DAY :,22.02.2026,TO,22.02.2026,PERIOD :,01.01.2026,TO,22.02.2026
,STATE/DISTRICT (NAME),,ACTUAL,NORMAL,% DEP.,CAT.,ACTUAL,NORMAL,% DEP.,CAT.
,,,(mm),(mm),,,(mm),(mm),,
19,ROHTAK,,0,0.2,-100%,NR,21,26.6,-21%,D
20,SIRSA,,0,0.1,-100%,NR,6.7,17.8,-62%,LD
21,SONEPAT,,0,0.2,-100%,NR,13.9,33.2,-58%,D
22,YAMUNA NAGAR,,0,1,-100%,NR,43.2,66.7,-35%,D
,CHANDIGARH (UT),,0,0.5,-100%,NR,65.3,58.8,11%,N
,DELHI,,0,0.1,-100%,NR,22.6,32.6,-31%,D
1,CENTRAL DELHI,,0,0.1,-100%,NR,40.6,38.4,6%,N
2,EAST DELHI,,0,0.1,-100%,NR,27,38.4,-30%,D
3,NEW DELHI,,0,0.1,-100%,NR,25.3,36.2,-30%,D
4,NORTH DELHI,,,1,,*,,36.6,,*
5,NORTH EAST DELHI,,0,0.1,-100%,NR,22.4,38.4,-42%,D
6,NORTH WEST DELHI,,0,0.1,-100%,NR,13.5,23.2,-42%,D
7,SOUTH DELHI,,0,0.1,-100%,NR,20.6,38.4,-46%,D
8,SOUTH EAST DELHI,,0,0.1,-100%,NR,24.8,38.4,-36%,D
9,SOUTH WEST DELHI,,0,0,-100%,NR,20.5,35.5,-42%,D
10,WEST DELHI,,0,0,-100%,NR,20,34,-41%,D
14,PUNJAB,,0,0.3,-100%,NR,34.9,41.3,-16%,N
1,AMRITSAR,,0,0.4,-100%,NR,25.7,44.5,-42%,D
2,BARNALA,,0,0.3,-100%,NR,28.4,28.1,1%,N
3,BHATINDA,,0,0.2,-100%,NR,5.5,28,-80%,LD
4,FARIDKOT,,0,0,-100%,NR,7.2,32.4,-78%,LD
5,FATEHGARH SAHIB,,0,0,-100%,NR,66.5,35.2,89%,LE
6,FAZILKA,,0,0,-100%,NR,3.3,23.7,-86%,LD
7,FEROZEPUR,,0,0.1,-100%,NR,3.7,26.1,-86%,LD
8,GURDASPUR,,0,0.5,-100%,NR,99.3,68.7,45%,E
9,HOSHIARPUR,,0,0.6,-100%,NR,43.8,63.5,-31%,D
10,JALANDHAR,,0,0.5,-100%,NR,33.7,55,-39%,D
11,KAPURTHALA,,0,0.1,-100%,NR,35.2,43.7,-19%,N
12,LUDHIANA,,0,0.3,-100%,NR,52.3,40,31%,E
13,MANSA,,0,0.1,-100%,NR,22,23,-5%,N
14,MOGA,,0,0.2,-100%,NR,25,24.4,2%,N
15,MUKTSAR,,0,0.2,-100%,NR,4,35.1,-89%,LD
16,PATHANKOT,,0,0.9,-100%,NR,88.4,115.4,-23%,D
17,PATIALA,,0,0.5,-100%,NR,54.9,43.4,26%,E
18,RUPNAGAR,,0,0.6,-100%,NR,67.6,68.1,-1%,N
19,SANGRUR,,0,0,-100%,NR,37.2,32.8,13%,N
20,SAS NAGAR (MOHALI),,0,0.4,-100%,NR,31.1,52.8,-41%,D
21,SBS NAGAR,,0,0.7,-100%,NR,77.4,67.1,15%,N
22,TARN TARAN,,0,0,-100%,NR,20.8,27.6,-25%,D
15,HIMACHAL PRADESH,,0,2.8,-100%,NR,104.6,160.8,-35%,D
1,BILASPUR,,0,1.2,-100%,NR,85.9,94.8,-9%,N
2,CHAMBA,,0,3.2,-100%,NR,99.4,232.6,-57%,D
3,HAMIRPUR,,0,1.6,-100%,NR,97.3,108.1,-10%,N
4,KANGRA,,0,2.3,-100%,NR,92.7,140.2,-34%,D
5,KINNAUR,,0,3.4,-100%,NR,64.6,185.9,-65%,LD
6,KULLU,,0,3,-100%,NR,129,166.1,-22%,D
7,LAHAUL & SPITI,,0,4,-100%,NR,137.8,188.4,-27%,D
8,MANDI,,0,1.7,-100%,NR,96.8,116.3,-17%,N
9,SHIMLA,,0,1.8,-100%,NR,77.1,119.5,-36%,D
10,SIRMAUR,,0,1,-100%,NR,81,96.6,-16%,N
11,SOLAN,,0,1.3,-100%,NR,115.9,107.6,8%,N
12,UNA,,0,1.2,-100%,NR,111.8,86,30%,E
16,J & K AND LADAKH,,0,3.6,-100%,NR,87.5,191.8,-54%,D
,JAMMU & KASHMIR(UT),,0,3.6,-100%,NR,87.5,191.8,-54%,D
1,ANANTNAG,,0,3.1,-100%,NR,72.6,152.9,-52%,D
2,BADGAM,,0,5.4,-100%,NR,41.1,131.2,-69%,LD
3,BANDIPORE,,0,2.9,-100%,NR,36.5,150.2,-76%,LD
4,BARAMULA,,0,2.5,-100%,NR,86.8,177.2,-51%,D
5,DODA,,0,4.2,-100%,NR,180.9,254.8,-29%,D
6,GANDERBAL,,0,4.3,-100%,NR,120.6,162.9,-26%,D
7,JAMMU,,0,1.5,-100%,NR,67.9,122.4,-44%,D
8,KATHUA,,0,0.9,-100%,NR,94.1,157.6,-40%,D
9,KISTWAR,,0,4.2,-100%,NR,30,254.8,-88%,LD
10,KULGAM,,0,4.5,-100%,NR,73.2,270.4,-73%,LD
11,KUPWARA,,0,5.5,-100%,NR,43.5,180.9,-76%,LD
12,POONCH,,0,9.5,-100%,NR,131.5,173.5,-24%,D
13,PULWAMA,,0,1.6,-100%,NR,59.4,94.2,-37%,D
14,RAJOURI,,0,4.6,-100%,NR,102.9,131.5,-22%,D
15,RAMBAN,,0,6.1,-100%,NR,175.3,340.2,-48%,D
16,REASI,,0,3.2,-100%,NR,127.2,200.6,-37%,D
,,,DISTRICTWISE RAINFALL DISTRIBUTION,,,,,,,
S.No.,MET.,SUBDIVISION/ UT,DAY :,22.02.2026,TO,22.02.2026,PERIOD :,01.01.2026,TO,22.02.2026
,STATE/DISTRICT (NAME),,ACTUAL,NORMAL,% DEP.,CAT.,ACTUAL,NORMAL,% DEP.,CAT.
,,,(mm),(mm),,,(mm),(mm),,
17,SAMBA,,0,2.3,-100%,NR,93,84,11%,N
18,SHOPIAN,,0,0.2,-100%,NR,25,109.2,-77%,LD
19,SRINAGAR,,0,2.5,-100%,NR,69,166.4,-59%,D
20,UDHAMPUR,,0,1.7,-100%,NR,109.7,165.5,-34%,D
,LADAKH (UT),,0,1.7,-100%,NR,7.6,10.7,-29%,D
1,KARGIL,,0,4.9,-100%,NR,24.6,24,3%,N
2,LADAKH (LEH),,0,0.7,-100%,NR,2.4,6.6,-64%,LD
,RAJASTHAN,,0,0.1,-100%,NR,8.1,8.4,-4%,N
17,EAST RAJASTHAN,,0,0,-100%,NR,12,9.6,25%,E
1,AJMER,,0,0,-100%,NR,9.9,6.6,50%,E
2,ALWAR,,0,0.1,-100%,NR,14.9,17.8,-17%,N
3,BANSWARA,,0,0,-100%,NR,1.9,4.4,-58%,D
4,BARAN,,0,0.2,-100%,NR,17.4,9.3,87%,LE
5,BHARATPUR,,0,0.1,-100%,NR,22.2,15.9,40%,E
6,BHILWARA,,0,0,-100%,NR,14.5,7.6,91%,LE
7,BUNDI,,0,0,-100%,NR,10,9.1,10%,N
8,CHITTORGARH,,0,0.1,-100%,NR,7,6,17%,N
9,DAUSA,,0,0,-100%,NR,14.6,12.9,13%,N
10,DHOLPUR,,0,0.1,-100%,NR,17.8,13.9,28%,E
11,DUNGARPUR,,0,0,-100%,NR,0,3,-100%,NR
12,JAIPUR,,0,0.1,-100%,NR,21.4,12.5,71%,LE
13,JHALAWAR,,0,0.2,-100%,NR,16.6,9.2,80%,LE
14,JHUNJHUNU,,0,0,-100%,NR,17.8,16.4,8%,N
15,KARAULI,,0,0,-100%,NR,16.7,14.2,17%,N
16,KOTA,,0,0,-100%,NR,11.2,9,24%,E
17,PRATAPGARH,,0,0.2,-100%,NR,0,6.3,-100%,NR
18,RAJSAMAND,,0,0,-100%,NR,12.9,5.4,138%,LE
19,SAWAI MADHOPUR,,0,0.1,-100%,NR,19.9,12.5,59%,E
20,SIKAR,,0,0.1,-100%,NR,14.1,13.7,3%,N
21,SIROHI,,0,0,-100%,NR,0,4.8,-100%,NR
22,TONK,,0,0,-100%,NR,12.8,8.8,46%,E
23,UDAIPUR,,0,0,-100%,NR,0.2,4.5,-96%,LD
18,WEST RAJASTHAN,,0,0,-100%,NR,5,7.3,-32%,D
1,BARMER,,0,0,-100%,NR,4.1,3.6,13%,N
2,BIKANER,,0,0,-100%,NR,5.5,11,-50%,D
3,CHURU,,0,0.2,-100%,NR,12.6,11.9,6%,N
4,HANUMANGARH,,0,0.1,-100%,NR,13.4,14.3,-6%,N
5,JAISALMER,,0,0,-100%,NR,3.9,4.2,-6%,N
6,JALORE,,0,0,-100%,NR,3.4,5,-33%,D
7,JODHPUR,,0,0.1,-100%,NR,3,5.6,-47%,D
8,NAGAUR,,0,0,-100%,NR,0.4,8.5,-95%,LD
9,PALI,,0,0.1,-100%,NR,3.6,5.7,-37%,D
10,SRI GANGANAGAR,,0,0.2,-100%,NR,7.6,13.7,-44%,D
,MADHYA PRADESH,,0,0.2,-82%,LD,8.7,20.5,-58%,D
19,EAST MADHYA PRADESH,,0,0.2,-100%,NR,3.3,30.6,-89%,LD
1,ANUPPUR,,0,0,-100%,NR,1.8,31.7,-94%,LD
2,BALAGHAT,,0,0.3,-100%,NR,0,34.1,-100%,NR
3,CHHATARPUR,,0,0.1,-100%,NR,9.6,26.5,-64%,LD
4,CHHINDWARA,,0,0.2,-100%,NR,0,27.5,-100%,NR
5,DAMOH,,0,0.5,-100%,NR,5.7,31,-82%,LD
6,DINDORI,,0,0.1,-100%,NR,0,32.1,-100%,NR
7,JABALPUR,,0,0.3,-100%,NR,0.5,29.4,-98%,LD
8,KATNI,,0,0,-100%,NR,1.6,28.2,-94%,LD
9,MANDLA,,0,0.1,-100%,NR,0,39.2,-100%,NR
10,NARSINGHPUR,,0,0.1,-100%,NR,0.8,19.9,-96%,LD
11,NIWARI,,0,0.9,-100%,NR,39.5,18.8,110%,LE
12,PANNA,,0,0.3,-100%,NR,4.1,34.6,-88%,LD
13,REWA,,0,0.1,-100%,NR,2,31.8,-94%,LD
14,SAGAR,,0,0.1,-100%,NR,13.5,23,-41%,D
15,SATNA,,0,0.6,-100%,NR,1.4,32,-95%,LD
16,SEONI,,0,0.1,-100%,NR,0,31.5,-100%,NR
17,SHAHDOL,,0,0.3,-100%,NR,0,38.1,-100%,NR
18,SIDHI,,0,0.1,-100%,NR,0,32.6,-100%,NR
19,SINGRAULI,,0,0,-100%,NR,0,24.8,-100%,NR
20,TIKAMGARH,,0,0.1,-100%,NR,16,23.1,-31%,D
21,UMARIA,,0,0.3,-100%,NR,0,48,-100%,NR
20,WEST MADHYA PRADESH,,0.1,0.2,-67%,LD,12.9,12.7,1%,N
1,AGAR-MALWA,,0,0,-100%,NR,20.8,10.8,92%,LE
2,ALIRAJPUR,,0,0,-100%,NR,2.6,2,30%,E
3,ASHOKNAGAR,,0,0.3,-100%,NR,25.3,15,68%,LE
,,,DISTRICTWISE RAINFALL DISTRIBUTION,,,,,,,
S.No.,MET.,SUBDIVISION/ UT,DAY :,22.02.2026,TO,22.02.2026,PERIOD :,01.01.2026,TO,22.02.2026
,STATE/DISTRICT (NAME),,ACTUAL,NORMAL,% DEP.,CAT.,ACTUAL,NORMAL,% DEP.,CAT.
,,,(mm),(mm),,,(mm),(mm),,
4,BARWANI,,0,0,-100%,NR,1.8,2.7,-34%,D
5,BETUL,,0,0.4,-100%,NR,0,19.4,-100%,NR
6,BHIND,,0,0.6,-100%,NR,27.3,17.8,53%,E
7,BHOPAL,,0,1.1,-100%,NR,11.7,18.4,-36%,D
8,BURHANPUR,,2.3,0.1,2233%,LE,11.3,10.7,6%,N
9,DATIA,,0,0.3,-100%,NR,25.8,19.5,32%,E
10,DEWAS,,0,0.1,-100%,NR,5.2,10.8,-52%,D
11,DHAR,,0,0,-100%,NR,6.1,3.2,91%,LE
12,GUNA,,0,0,-100%,NR,24.4,17.3,41%,E
13,GWALIOR,,0,0.2,-100%,NR,47.6,21.5,122%,LE
14,HARDA,,0,0,-100%,NR,3.5,14.2,-76%,LD
15,INDORE,,0,0.1,-100%,NR,9.5,6.5,47%,E
16,JHABUA,,0,0.1,-100%,NR,9.5,3.5,171%,LE
17,KHANDWA,,0,0.1,-100%,NR,2.4,9.3,-74%,LD
18,KHARGONE,,0,0.1,-100%,NR,2.9,5.6,-49%,D
19,MANDSAUR,,0,0.2,-100%,NR,0.8,6.5,-88%,LD
20,MORENA,,0,0.1,-100%,NR,25.9,14.7,76%,LE
21,NARMADAPURAM,,0.5,0.4,17%,N,4.2,18,-77%,LD
22,NEEMUCH,,0,0.2,-100%,NR,1,7.8,-87%,LD
23,RAISEN,,0,0.3,-100%,NR,10,17.8,-44%,D
24,RAJGARH,,0,0.2,-100%,NR,14.6,13.2,10%,N
25,RATLAM,,0,0,-100%,NR,14.1,5.8,144%,LE
26,SEHORE,,0,0.2,-100%,NR,5.2,17.2,-70%,LD
27,SHAJAPUR,,0,0.2,-100%,NR,16.3,12.6,30%,E
28,SHEOPUR,,0,0,-100%,NR,17.8,10.2,75%,LE
29,SHIVPURI,,0,0.2,-100%,NR,28.7,17.7,62%,LE
30,UJJAIN,,0,0.1,-100%,NR,21.6,9.2,134%,LE
31,VIDISHA,,0,0.2,-100%,NR,17.7,20.7,-14%,N
,GUJARAT,,0,0,-100%,NR,0.2,1,-76%,LD
21,GUJARAT REGION,,0,0.1,-100%,NR,0.3,1.4,-81%,LD
1,AHMEDABAD,,0,0.1,-100%,NR,0,0.8,-100%,NR
2,ANAND,,0,0,-100%,NR,0,1.2,-100%,NR
3,ARAVALLI,,0,0,-100%,NR,0,0.8,-100%,NR
4,BANASKANTHA,,0,0,-100%,NR,0.5,2,-75%,LD
5,BHARUCH,,0,0,-100%,NR,0,0,-100%,NR
6,CHHOTA UDEPUR,,0,0,-100%,NR,0.4,1.3,-69%,LD
7,DADARA & NAGAR HAVELI,,,0.1,,*,,0.1,,*
8,DAHOD,,0,0.1,-100%,NR,2.1,1.3,62%,LE
9,DAMAN,,0,0.1,-100%,NR,0,0.1,-100%,NR
10,DANGS,,0,1.1,-100%,NR,0,3.1,-100%,NR
11,GANDHINAGAR,,0,0,-100%,NR,0,0.6,-100%,NR
12,KHEDA,,0,0,-100%,NR,0,1.4,-100%,NR
13,MAHISAGAR,,0,0,-100%,NR,1.3,1.1,21%,E
14,MEHSANA,,0,0,-100%,NR,0,5.7,-100%,NR
15,NARMADA,,0,0,-100%,NR,0,0.4,-100%,NR
16,NAVSARI,,0,0,-100%,NR,0,0.4,-100%,NR
17,PANCHMAHAL,,0,0,-100%,NR,0,0.8,-100%,NR
18,PATAN,,0,0,-100%,NR,0.2,1,-80%,LD
19,SABARKANTHA,,0,0,-100%,NR,0,2.1,-100%,NR
20,SURAT,,0,0,-100%,NR,0.7,0.6,21%,E
21,TAPI,,0,0,-100%,NR,0,0,-100%,NR
22,VADODARA,,0,0,-100%,NR,0,1.9,-100%,NR
23,VALSAD,,0,0,-100%,NR,0,0.8,-100%,NR
22,SAURASHTRA & KUTCH,,0,0,-100%,NR,0.2,0.7,-68%,LD
1,AMRELI,,0,0,-100%,NR,0,0.5,-100%,NR
2,BHAVNAGAR,,0,0,-100%,NR,0,0.3,-100%,NR
3,BOTAD,,0,0,-100%,NR,0,0.2,-100%,NR
4,DEVBHOOMI DWARKA,,0,0,-100%,NR,1.5,1.2,27%,E
5,DIU,,0,0,-100%,NR,0,2,-100%,NR
6,GIR SOMNATH,,0,0,-100%,NR,0.2,0.7,-76%,LD
7,JAMNAGAR,,0,0,-100%,NR,0,0.7,-100%,NR
8,JUNAGADH,,0,0,-100%,NR,0,0.6,-100%,NR
9,KUTCH,,0,0,-100%,NR,0.2,0.9,-83%,LD
10,MORBI,,0,0,-100%,NR,0,0,-100%,NR
11,PORBANDAR,,0,0,-100%,NR,0.8,0.7,14%,N
12,RAJKOT,,0,0,-100%,NR,1,0.5,95%,LE
13,SURENDRANAGAR,,0,0,-100%,NR,0,0.4,-100%,NR
,,,DISTRICTWISE RAINFALL DISTRIBUTION,,,,,,,
S.No.,MET.,SUBDIVISION/ UT,DAY :,22.02.2026,TO,22.02.2026,PERIOD :,01.01.2026,TO,22.02.2026
,STATE/DISTRICT (NAME),,ACTUAL,NORMAL,% DEP.,CAT.,ACTUAL,NORMAL,% DEP.,CAT.
,,,(mm),(mm),,,(mm),(mm),,
,DADARA & NAGAR HAVELI,AND DAMAN & DIU,,,,,,,,
,,,0,0.1,-100%,NR,0,0.2,-100%,NR
,(UT),,,,,,,,,
1,DADARA & NAGAR HAVELI,,,0.1,,*,,0.1,,*
2,DAMAN,,0,0.1,-100%,NR,0,0.1,-100%,NR
3,DIU,,0,0,-100%,NR,0,2,-100%,NR
23,KONKAN & GOA,,0,0,-100%,NR,0.3,0.6,-46%,D
,GOA,,0,0,-100%,NR,0,1.6,-100%,NR
1,NORTH GOA,,0,0,-100%,NR,0,1.1,-100%,NR
2,SOUTH GOA,,0,0,-100%,NR,0,2.1,-100%,NR
,MAHARASHTRA,,0,0.1,-96%,LD,0.2,7.1,-97%,LD
1,MUMBAI CITY,,0,0,-100%,NR,9.3,0.9,933%,LE
2,MUMBAI SUBURBAN,,0,0,-100%,NR,6.7,1,570%,LE
3,PALGHAR,,0,0.1,-100%,NR,0.3,0.5,-50%,D
4,RAIGAD,,0,0,-100%,NR,0,0.4,-100%,NR
5,RATNAGIRI,,0,0,-100%,NR,0,0.3,-100%,NR
6,SINDHUDURG,,0,0,-100%,NR,0,0.7,-100%,NR
7,THANE,,0,0,-100%,NR,1.4,0.3,375%,LE
24,MADHYA MAHARASHTRA,,0,0.1,-89%,LD,0.3,2.5,-87%,LD
1,AHMEDNAGAR,,0,0.1,-100%,NR,0.4,2.1,-82%,LD
2,DHULE,,0,0,-100%,NR,0,3.3,-100%,NR
3,JALGAON,,0,0.1,-100%,NR,0.5,5.2,-90%,LD
4,KOLHAPUR,,0,0,-100%,NR,0.6,1.7,-67%,LD
5,NANDURBAR,,0,0.1,-100%,NR,0,1,-97%,LD
6,NASHIK,,0,0.1,-100%,NR,0.5,2.1,-77%,LD
7,PUNE,,0,0.1,-100%,NR,0.1,1.1,-92%,LD
8,SANGLI,,0,0,208%,LE,1.1,2.7,-58%,D
9,SATARA,,0.1,0,809%,LE,0.3,1.5,-82%,LD
10,SHOLAPUR,,0,0,-100%,NR,0,3.9,-100%,NR
25,MARATHWADA,,0,0.1,-100%,NR,0.3,5.6,-95%,LD
1,BEED,,0,0,-100%,NR,0,2.9,-100%,NR
2,CHH. SAMBHAJINAGAR,,0,0.2,-100%,NR,0.3,3.3,-90%,LD
3,DHARASHIV,,0,0,-100%,NR,0,5.5,-100%,NR
4,HINGOLI,,0,0.2,-100%,NR,0,7.6,-100%,NR
5,JALNA,,0,0.1,-100%,NR,0.3,3.7,-93%,LD
6,LATUR,,0,0.1,-100%,NR,1.2,7,-83%,LD
7,NANDED,,0,0,-100%,NR,0.2,9.3,-98%,LD
8,PARBHANI,,0,0.1,-100%,NR,0.1,6.8,-98%,LD
26,VIDARBHA,,0,0.2,-100%,NR,0,15.7,-100%,NR
1,AKOLA,,0,0.5,-100%,NR,0,11.2,-100%,NR
2,AMRAOTI,,0,0.1,-100%,NR,0,13.7,-100%,NR
3,BHANDARA,,0,0.2,-100%,NR,0,24.8,-100%,NR
4,BULDHANA,,0,0.1,-100%,NR,0,6.6,-100%,NR
5,CHANDRAPUR,,0,0.3,-100%,NR,0,21.6,-100%,NR
6,GADCHIROLI,,0,0.3,-100%,NR,0,15.8,-100%,NR
7,GONDIA,,0,0.1,-100%,NR,0,27.1,-100%,NR
8,NAGPUR,,0,0.2,-100%,NR,0,20.1,-100%,NR
9,WARDHA,,0,0.3,-100%,NR,0,15.5,-100%,NR
10,WASHIM,,0,0.3,-100%,NR,0,8.6,-100%,NR
11,YEOTMAL,,0,0,-100%,NR,0,13.2,-100%,NR
27,CHHATTISGARH,,0,0.2,-100%,NR,0,19.9,-99%,LD
1,BALOD,,0,0.2,-100%,NR,0,23.9,-100%,NR
2,BALODA BAZAR,,0,0,-100%,NR,0,12.4,-100%,NR
3,BALRAMPUR,,0,0.2,-100%,NR,0,16.5,-100%,NR
4,BASTAR,,0,0,-100%,NR,0,21.6,-100%,NR
5,BEMETARA,,0,0.2,-100%,NR,0,21.7,-100%,NR
6,BIJAPUR,,0,0.2,-100%,NR,0,14,-100%,NR
7,BILASPUR,,0,0.1,-100%,NR,0,35.7,-100%,NR
8,DANTEWADA,,0,0,-100%,NR,0,17.5,-100%,NR
9,DHAMTARI,,0,0,-100%,NR,0,15.3,-100%,NR
10,DURG,,0,0,-100%,NR,0,12.7,-100%,NR
11,GARIABAND,,0,0.2,-100%,NR,0,7.2,-100%,NR
12,GAURELA-PENDRA-MARWAHI,,0,0.2,-100%,NR,0,52.6,-100%,NR
13,JANJGIR-CHAMPA,,0,0.1,-100%,NR,0,22.5,-100%,NR
14,JASHPUR,,0,0.6,-100%,NR,0,41.6,-100%,NR
15,KABIRDHAM,,0,0.3,-100%,NR,0,28.8,-100%,NR
16,KANKER,,0,0.1,-100%,NR,0,11.5,-100%,NR
17,KHAIRAGARH-CHHUIKHADAN-GANDAI,,0,0.1,-100%,NR,0,13.7,-100%,NR
18,KONDAGAON,,0,0,-100%,NR,0,12.3,-100%,NR
19,KORBA,,0,0,-100%,NR,0,26.6,-100%,NR
,,,DISTRICTWISE RAINFALL DISTRIBUTION,,,,,,,
S.No.,MET.,SUBDIVISION/ UT,DAY :,22.02.2026,TO,22.02.2026,PERIOD :,01.01.2026,TO,22.02.2026
,STATE/DISTRICT (NAME),,ACTUAL,NORMAL,% DEP.,CAT.,ACTUAL,NORMAL,% DEP.,CAT.
,,,(mm),(mm),,,(mm),(mm),,
20,KOREA,,0,0.3,-100%,NR,3,25,-88%,LD
21,MAHASAMUND,,0,0.4,-100%,NR,0,11,-100%,NR
22,MANENDRAGARH-CHIRMIRI-BHARATPUR,,0,0.3,-100%,NR,0,25.4,-100%,NR
23,MOHALA-MANPUR-CHOWKI,,0,0.4,-100%,NR,0,23,-100%,NR
24,MUNGELI,,0,0.1,-100%,NR,0,30,-100%,NR
25,NARAYANPUR,,0,0,-100%,NR,0,13,-100%,NR
26,RAIGARH,,0,0,-100%,NR,0,20.9,-100%,NR
27,RAIPUR,,0,0,-100%,NR,0,20.5,-100%,NR
28,RAJNANDGAON,,0,0,-100%,NR,0,20.3,-100%,NR
29,SAKTI,,0,0,-100%,NR,0,21.6,-100%,NR
30,SARANGARH-BILAIGARH,,0,0,-100%,NR,0,17.7,-100%,NR
31,SUKMA,,0,0,-100%,NR,0,2.4,-100%,NR
32,SURAJPUR,,0,0,-100%,NR,0,19.8,-100%,NR
33,SURGUJA,,0,0,-100%,NR,0,29.1,-100%,NR
,ANDHRA PRADESH,,0,0.5,-100%,NR,1.7,14.8,-89%,LD
28,COASTAL A. P. & YANAM,,0,0.8,-100%,NR,1.1,19.7,-94%,LD
1,ANAKAPALLI,,0,0.8,-100%,NR,0,18.4,-100%,NR
2,BAPATLA,,0,0.8,-100%,NR,0,23.7,-100%,NR
3,DR B R AMBEDKAR KONASEEMA,,0,0.3,-100%,NR,0,14.9,-100%,NR
4,EAST GODAVARI,,,1.4,,*,,17.1,,*
5,ELURU,,0,0.4,-100%,NR,0,16.1,-100%,NR
6,GUNTUR,,0,1.1,-100%,NR,0.1,15.4,-99%,LD
7,KAKINADA,,0,2.2,-100%,NR,0,17.8,-100%,NR
8,KRISHNA,,0,1.7,-100%,NR,0,17.8,-100%,NR
9,NTR DISTRICT,,0,1.4,-100%,NR,0,15.8,-100%,NR
10,PALNADU,,0,0.2,-100%,NR,0,17,-100%,NR
11,PARVATHIPURAM MANYAM,,0,0.6,-100%,NR,0,24.4,-100%,NR
12,PRAKASAM,,0,1,-100%,NR,3.8,16.9,-78%,LD
13,SPSR NELLORE,,0,0.2,-100%,NR,3.9,26.3,-85%,LD
14,SRI ALLURI SITHARAMARAJU DISTRICT,,0,0.1,-100%,NR,0.1,13.1,-99%,LD
15,SRIKAKULAM,,0,1,-100%,NR,0,19.8,-100%,NR
16,VISHAKHAPATNAM,,0,0.4,-100%,NR,0,26.5,-100%,NR
17,VIZIANAGARAM,,0,0.5,-100%,NR,0,20.2,-100%,NR
18,WEST GODAVARI,,0,0.6,-100%,NR,0,14.5,-100%,NR
19,YANAM,,0,2.7,-100%,NR,0,19.4,-100%,NR
29,RAYALASEEMA,,0,0.2,-100%,NR,2.3,8,-71%,LD
1,ANANTAPURAMU,,0,0,-100%,NR,0.4,3.9,-90%,LD
2,ANNAMAYYA DISTRICT,,0,0.2,-100%,NR,3.1,9.9,-68%,LD
3,CHITTOOR,,0,0.3,-100%,NR,7.1,9.3,-24%,D
4,KURNOOL,,0,0,-100%,NR,0.5,5.8,-92%,LD
5,NANDYAL,,0,0,-100%,NR,0.8,4.1,-80%,LD
6,SRI SATHYASAI DISTRICT,,0,0,-100%,NR,1,5,-79%,LD
7,TIRUPATI,,0,0.8,-100%,NR,6.4,30.6,-79%,LD
8,YSR DISTRICT,,0,0.2,-100%,NR,1.3,8,-84%,LD
30,TELANGANA,,0,0.1,-100%,NR,0.1,15.1,-99%,LD
1,ADILABAD,,0,0,-100%,NR,0,18.1,-100%,NR
2,B. KOTHAGUDEM,,0,0,-100%,NR,0,19.4,-100%,NR
3,HANUMAKONDA,,0,0,-100%,NR,0,18.4,-100%,NR
4,HYDERABAD,,0,0.7,-100%,NR,0,13.2,-99%,LD
5,J. BHUPALPALLY,,0,0,-100%,NR,0,18.4,-100%,NR
6,JAGTIAL,,0,0,-100%,NR,0,27.3,-100%,NR
7,JANGAON,,0,0,-100%,NR,0,17.9,-100%,NR
8,JOGULAMBA GADWAL,,0,0,-100%,NR,0,4.5,-100%,NR
9,KAMAREDDY,,0,0.1,-100%,NR,0.9,17.5,-95%,LD
10,KARIMNAGAR,,0,0,-100%,NR,0,17.9,-100%,NR
11,KHAMMAM,,0,0.4,-100%,NR,0,17.6,-100%,NR
12,KUMARAM BHEEM,,0,0.1,-100%,NR,0,16.6,-100%,NR
13,M. MALKAJGIRI,,0,0,-100%,NR,0,11.4,-100%,NR
14,MAHABUBABAD,,0,0,-100%,NR,0,19.2,-100%,NR
15,MAHABUBNAGAR,,0,0,-100%,NR,0,6.1,-100%,NR
16,MANCHERIAL,,0,0,-100%,NR,0,17,-100%,NR
17,MEDAK,,0,0,-100%,NR,0.2,16.7,-99%,LD
18,MULUGU,,0,0,-100%,NR,0,19.6,-100%,NR
19,NAGARKURNOOL,,0,0,-100%,NR,0,3.1,-100%,NR
20,NALGONDA,,0,0.8,-100%,NR,0,13.4,-100%,NR
21,NARAYANPET,,0,0,-100%,NR,0,6.4,-100%,NR
22,NIRMAL,,0,0.2,-100%,NR,0,21,-100%,NR
23,NIZAMABAD,,0,0.1,-100%,NR,0.5,20.1,-98%,LD
24,PEDDAPALLE,,0,0,-100%,NR,0,22.7,-100%,NR
25,RAJANNA SIRCILLA,,0,0.3,-100%,NR,0,17.8,-100%,NR
26,RANGAREDDY,,0,0.2,-100%,NR,0,10.8,-100%,NR
,,,DISTRICTWISE RAINFALL DISTRIBUTION,,,,,,,
S.No.,MET.,SUBDIVISION/ UT,DAY :,22.02.2026,TO,22.02.2026,PERIOD :,01.01.2026,TO,22.02.2026
,STATE/DISTRICT (NAME),,ACTUAL,NORMAL,% DEP.,CAT.,ACTUAL,NORMAL,% DEP.,CAT.
,,,(mm),(mm),,,(mm),(mm),,
27,SANGAREDDY,,0,0,-100%,NR,0.5,12.7,-96%,LD
28,SIDDIPET,,0,0.1,-100%,NR,0,16.2,-100%,NR
29,SURYAPET,,0,1.1,-100%,NR,0,12.6,-100%,NR
30,VIKARABAD,,0,0,-100%,NR,0.8,9.2,-92%,LD
31,WANAPARTHY,,0,0,-100%,NR,0,7.2,-100%,NR
32,WARANGAL,,0,0.1,-100%,NR,0,18.1,-100%,NR
33,Y. BHUVANAGIRI,,0,0.1,-100%,NR,0,14,-100%,NR
31,TAMIL. PUDU.& KARAIKAL,,0.6,0.3,98%,LE,34.6,22.3,55%,E
,TAMILNADU,,0.6,0.3,99%,LE,34.4,22.2,55%,E
1,ARIYALUR,,0,0,-100%,NR,41.9,23.5,78%,LE
2,CHENGALPATTU,,0,0.1,-100%,NR,50.9,22.7,124%,LE
3,CHENNAI,,0,0.2,-100%,NR,63.9,35.6,80%,LE
4,COIMBATORE,,0,0.1,-62%,LD,20.7,14.1,47%,E
5,CUDDALORE,,0,0,-100%,NR,36.6,36.5,0%,N
6,DHARMAPURI,,0,0.9,-100%,NR,4.8,10,-52%,D
7,DINDIGUL,,0,0.4,-100%,NR,48.4,21.9,121%,LE
8,ERODE,,0,0.1,-100%,NR,14.3,9.9,44%,E
9,KALLAKURICHI,,0,0.3,-100%,NR,11.4,18.1,-37%,D
10,KANCHEEPURAM,,0,0,-100%,NR,27,17.8,51%,E
11,KANYAKUMARI,,10,0.8,1153%,LE,14.6,33.7,-57%,D
12,KARUR,,0,0.2,-100%,NR,29.8,9.9,201%,LE
13,KRISHNAGIRI,,0,0.9,-100%,NR,1.2,6.6,-82%,LD
14,MADURAI,,0,0,-100%,NR,22.9,18.4,24%,E
15,MAYILADUTHURAI,,0,0,-100%,NR,108,47.6,127%,LE
16,NAGAPATTINAM,,3.3,0,33233%,LE,182.6,60.2,203%,LE
17,NAMAKKAL,,0,0.1,-100%,NR,13.3,10.1,32%,E
18,NILGIRIS,,1.8,0.2,807%,LE,106.3,34.6,207%,LE
19,PERAMBALUR,,0,0,-100%,NR,28.5,15.6,82%,LE
20,PUDUKKOTTAI,,0,0.1,-100%,NR,44,18.2,142%,LE
21,RAMANATHAPURAM,,0.6,0.3,96%,LE,20.2,43.9,-54%,D
22,RANIPET,,0,0.5,-100%,NR,14.2,14,1%,N
23,SALEM,,0,0.1,-100%,NR,11.8,8.8,34%,E
24,SIVAGANGA,,0,0.2,-100%,NR,36.5,23.5,55%,E
25,TENKASI,,0.1,0.3,-70%,LD,97.4,48.3,102%,LE
26,THANJAVUR,,0.1,0,509%,LE,58.4,35,67%,LE
27,THENI,,0,0.8,-100%,NR,40.5,25.9,56%,E
28,TIRUNELVELI,,8.6,0.3,2775%,LE,163.4,52.6,211%,LE
29,TIRUPATTUR,,0,0.3,-100%,NR,0.9,8.9,-90%,LD
30,TIRUPPUR,,0,0.1,-100%,NR,16.2,8.7,87%,LE
31,TIRUVALLUR,,0,0.5,-100%,NR,39.5,23.7,67%,LE
32,TIRUVANNAMALAI,,0,0.5,-100%,NR,9.1,17.7,-48%,D
33,TIRUVARUR,,0,0.1,-100%,NR,81,43.1,88%,LE
34,TOOTHUKUDI,,2.7,0.4,582%,LE,4.9,31.6,-84%,LD
35,TRICHY,,0,0,-100%,NR,36.8,13.1,181%,LE
36,VELLORE,,0,0.5,-100%,NR,11.6,12.8,-9%,N
37,VILLUPURAM,,0,0.2,-100%,NR,20.8,20.4,2%,N
38,VIRUDHUNAGAR,,0.6,0.2,207%,LE,10.2,28,-63%,LD
,PUDUCHERRY (UT),,0,0.2,-100%,NR,90.5,44.3,104%,LE
1,KARAIKAL,,0,0,-100%,NR,181.1,72.3,150%,LE
2,MAHE,,0,0,-100%,NR,0.2,4.9,-96%,LD
3,PUDUCHERRY,,0,0.1,-100%,NR,52.7,32.7,61%,LE
4,YANAM,,0,2.7,-100%,NR,0,19.4,-100%,NR
,KARNATAKA,,1.1,0.1,1037%,LE,3.1,4.3,-27%,D
32,COASTAL KARNATAKA,,0.1,0,1107%,LE,1.4,2.9,-51%,D
1,DAKSHINA KANNADA,,0.5,0,4567%,LE,3.1,5.9,-48%,D
2,UDUPI,,0,0,-100%,NR,3.1,2.2,40%,E
3,UTTARA KANNADA,,0,0.1,-100%,NR,0.1,1.8,-97%,LD
33,N. I. KARNATAKA,,0,0,142%,LE,1.2,3.9,-69%,LD
1,BAGALKOTE,,0,0,-100%,NR,0,3.4,-100%,NR
2,BELAGAVI,,0,0,-100%,NR,6.1,1.9,218%,LE
3,BIDAR,,0,0.1,-100%,NR,1.3,8.8,-85%,LD
4,DHARWAD,,0,0,-100%,NR,0.8,4.2,-80%,LD
5,GADAG,,0,0,-100%,NR,0,1.4,-99%,LD
6,HAVERI,,0,0,-100%,NR,0.1,2.1,-95%,LD
7,KALABURGI,,0.2,0,1650%,LE,0.2,6.5,-97%,LD
8,KOPPAL,,0,0,-100%,NR,0.1,2.5,-97%,LD
9,RAICHUR,,0,0,-100%,NR,0,3.4,-100%,NR
10,VIJAYAPURA,,0,0,-100%,NR,0.2,3.5,-95%,LD
11,YADGIR,,0,0,-100%,NR,0,6.4,-100%,NR
34,S. I. KARNATAKA,,2.3,0.1,2175%,LE,5.1,4.8,5%,N
,,,DISTRICTWISE RAINFALL DISTRIBUTION,,,,,,,
S.No.,MET.,SUBDIVISION/ UT,DAY :,22.02.2026,TO,22.02.2026,PERIOD :,01.01.2026,TO,22.02.2026
,STATE/DISTRICT (NAME),,ACTUAL,NORMAL,% DEP.,CAT.,ACTUAL,NORMAL,% DEP.,CAT.
,,,(mm),(mm),,,(mm),(mm),,
1,BALLARI,,0,0,-100%,NR,0,4.4,-100%,NR
2,BENGALURU RURAL,,0,0.1,-100%,NR,0.8,4.3,-81%,LD
3,BENGALURU URBAN,,0,0.3,-100%,NR,0.6,4.9,-87%,LD
4,CHAMARAJANAGAR,,0,0.3,-100%,NR,5,7.1,-29%,D
5,CHIKABALLAPURA,,0,0.1,-100%,NR,0.1,4.5,-99%,LD
6,CHIKKAMAGALURU,,0,0.1,-100%,NR,15.8,5.2,203%,LE
7,CHITRADURGA,,0,0.1,-100%,NR,0.4,3.8,-90%,LD
8,DAVANGERE,,0,0.1,-100%,NR,0.1,2.9,-97%,LD
9,HASSAN,,4,0.1,3860%,LE,5.7,5,13%,N
10,KODAGU,,7.5,0.1,7367%,LE,16.9,9.1,86%,LE
11,KOLAR,,0,0.3,-100%,NR,0,5.7,-100%,NR
12,MANDYA,,25,0.3,8233%,LE,31.7,5.4,486%,LE
13,MYSURU,,5.4,0.1,5333%,LE,7,6.2,14%,N
14,RAMANAGARA,,0,0.5,-100%,NR,0,5.1,-100%,NR
15,SHIVAMOGGA,,0,0,-100%,NR,0.8,1.7,-54%,D
16,TUMAKURU,,0,0.1,-100%,NR,1.4,6,-76%,LD
17,VIJAYANAGARA,,0,0,-100%,NR,0,1.5,-100%,NR
35,KERALA & MAHE,,13.5,0.4,3279%,LE,27.1,17.1,58%,E
,KERALA,,13.5,0.5,2604%,LE,27.1,17.2,58%,E
1,ALAPUZHA,,42.6,0.9,4632%,LE,57.8,33.4,73%,LE
2,CANNUR,,0.4,0,3900%,LE,26.6,4.3,519%,LE
3,ERNAKULAM,,20.4,0.3,6690%,LE,36.7,24.7,49%,E
4,IDUKKI,,3,1.4,113%,LE,17.3,21.6,-20%,D
5,KASARGOD,,0.9,0,8900%,LE,7.5,4.5,66%,LE
6,KOLLAM,,11.6,1.2,863%,LE,17.9,32.8,-45%,D
7,KOTTAYAM,,58.2,0.1,58133%,LE,73.6,26.8,174%,LE
8,KOZHIKODE,,0.7,0,6900%,LE,33,4.6,617%,LE
9,MALAPPURAM,,3.1,0,31000%,LE,3.2,4.6,-29%,D
10,PALAKKAD,,4.5,0.1,4424%,LE,17.1,6.7,155%,LE
11,PATHANAMTHITTA,,40.1,0.8,4917%,LE,62.8,39.9,57%,E
12,THIRUVANANTHAPURAM,,12.8,0.8,1496%,LE,21.8,33.4,-35%,D
13,THRISSUR,,20.9,0,208669%,LE,22.1,9.5,132%,LE
14,WYNAD,,0.7,0,7043%,LE,19.1,9.9,93%,LE
1,MAHE,,0,0,-100%,NR,0.2,4.9,-96%,LD
36,LAKSHADWEEP,,0,0.6,-100%,NR,41.2,23.7,74%,LE
